id;name;description;image;image_content_type
1;mobile Fish;Home Loan Account Table Computer;../fake-data/blob/hipster.png;image/png
2;Trace;Savings Account alarm;../fake-data/blob/hipster.png;image/png
3;Tasty Metal Bacon;red Chips Soap;../fake-data/blob/hipster.png;image/png
4;Home Loan Account;web-readiness;../fake-data/blob/hipster.png;image/png
5;Namibia;Steel zero administration;../fake-data/blob/hipster.png;image/png
6;Multi-channelled Licensed;grey Cambridgeshire;../fake-data/blob/hipster.png;image/png
7;Canyon HDD;Table Small Frozen Sausages Planner;../fake-data/blob/hipster.png;image/png
8;envisioneer Music Public-key;infomediaries;../fake-data/blob/hipster.png;image/png
9;Investment Account;Games Regional Digitized;../fake-data/blob/hipster.png;image/png
10;copy convergence;Mayotte;../fake-data/blob/hipster.png;image/png
